image_name,human_emotion,gpt4o_zero_shot,gpt4o_few_shot,gpt4o_cot,gemini_zero_shot,gemini_few_shot,gemini_cot
kenan_and_watermelon_head_page_28.png,غضب,غضب,غضب,غضب,مفاجأة,محايد,سعادة
kenan_and_watermelon_head_page_30.png,حزن,ترقب,ترقب,ترقب,محايد,محايد,محايد
kenan_and_watermelon_head_page_32.png,مفاجأة,مفاجأة,مفاجأة,مفاجأة,مفاجأة,مفاجأة,مفاجأة
kenan_and_watermelon_head_page_34.png,غضب,مفاجأة,غضب,غضب,غضب,ترقب,غضب
kenan_and_watermelon_head_page_35.png,سعادة,سعادة,ثقة,ثقة,سعادة,سعادة,سعادة
kenan_and_watermelon_head_page_37.png,سعادة,سعادة,سعادة,سعادة,ترقب,ترقب,ترقب
kenan_and_watermelon_head_page_39.png,مفاجأة,ثقة,ثقة,ثقة,مفاجأة,مفاجأة,ثقة
kenan_and_watermelon_head_page_41.png,سعادة,مفاجأة,سعادة,سعادة,مفاجأة,مفاجأة,مفاجأة
kenan_and_watermelon_head_page_42.png,ثقة,ثقة,ثقة,ثقة,ثقة,ثقة,ثقة
kenan_and_watermelon_head_page_46.png,سعادة,سعادة,سعادة,سعادة,سعادة,سعادة,سعادة
kenan_and_watermelon_head_page_49.png,ثقة,ثقة,ثقة,ثقة,سعادة,سعادة,ثقة
mama_the_storyteller_page_12.png,سعادة,ترقب,ترقب,ترقب,ثقة,ثقة,ثقة
mama_the_storyteller_page_13.png,حزن,ترقب,حزن,ترقب,سعادة,سعادة,سعادة
mama_the_storyteller_page_15.png,سعادة,سعادة,سعادة,سعادة,سعادة,سعادة,سعادة
mama_the_storyteller_page_19.png,ترقب,سعادة,سعادة,ترقب,سعادة,سعادة,سعادة
mama_the_storyteller_page_20.png,سعادة,سعادة,سعادة,سعادة,سعادة,سعادة,سعادة
mama_the_storyteller_page_4.png,ثقة,ثقة,ثقة,ثقة,سعادة,سعادة,ترقب
mama_the_storyteller_page_6.png,سعادة,سعادة,سعادة,سعادة,حزن,خوف,حزن
mama_the_storyteller_page_7.png,ترقب,سعادة,سعادة,سعادة,سعادة,سعادة,سعادة
mama_the_storyteller_page_8.png,ثقة,ترقب,ترقب,ترقب,حزن,خوف,حزن
mama_the_storyteller_page_9.png,حزن,حزن,حزن,حزن,ترقب,ترقب,ترقب
open_tap_page_10.png,خوف,غضب,خوف,خوف,غضب,خوف,غضب
open_tap_page_11.png,خوف,خوف,خوف,خوف,خوف,غضب,خوف
open_tap_page_12.png,قرف,قرف,قرف,قرف,قرف,قرف,قرف
open_tap_page_13.png,مفاجأة,مفاجأة,قرف,مفاجأة,غضب,غضب,غضب
open_tap_page_14.png,ترقب,مفاجأة,قرف,ترقب,خوف,خوف,خوف
open_tap_page_15.png,ترقب,ترقب,ترقب,ترقب,محايد,حزن,حزن
open_tap_page_16.png,سعادة,سعادة,ثقة,ثقة,سعادة,سعادة,سعادة
open_tap_page_20.png,خوف,مفاجأة,خوف,مفاجأة,مفاجأة,سعادة,مفاجأة
open_tap_page_21.png,ترقب,مفاجأة,خوف,ترقب,حزن,خوف,مفاجأة
open_tap_page_6.png,سعادة,سعادة,سعادة,سعادة,سعادة,سعادة,سعادة
open_tap_page_7.png,سعادة,سعادة,ترقب,سعادة,سعادة,سعادة,سعادة
open_tap_page_9.png,خوف,خوف,ترقب,خوف,حزن,مفاجأة,خوف
sun_and_suns_page_10.png,ترقب,ترقب,ترقب,ترقب,مفاجأة,ترقب,ترقب
sun_and_suns_page_11.png,سعادة,سعادة,سعادة,سعادة,سعادة,سعادة,سعادة
sun_and_suns_page_12.png,سعادة,سعادة,سعادة,سعادة,سعادة,سعادة,سعادة
sun_and_suns_page_14.png,محايد,غضب,غضب,غضب,غضب,سعادة,غضب
sun_and_suns_page_4.png,محايد,مفاجأة,ترقب,مفاجأة,مفاجأة,خوف,مفاجأة
sun_and_suns_page_5.png,حزن,حزن,حزن,حزن,حزن,حزن,حزن
sun_and_suns_page_6.png,مفاجأة,مفاجأة,مفاجأة,مفاجأة,مفاجأة,مفاجأة,مفاجأة
sun_and_suns_page_7.png,محايد,مفاجأة,محايد,مفاجأة,سعادة,سعادة,مفاجأة
sun_and_suns_page_8.png,سعادة,سعادة,سعادة,سعادة,سعادة,سعادة,سعادة
sun_and_suns_page_9.png,محايد,محايد,ثقة,سعادة,سعادة,سعادة,سعادة
tomorrow_I_will_be_page_15.png,ترقب,مفاجأة,ترقب,مفاجأة,ترقب,ترقب,ترقب
tomorrow_I_will_be_page_19.png,ترقب,ترقب,ترقب,ترقب,مفاجأة,ترقب,مفاجأة
tomorrow_I_will_be_page_30.png,سعادة,سعادة,سعادة,سعادة,سعادة,سعادة,سعادة
tomorrow_I_will_be_page_38.png,مفاجأة,مفاجأة,مفاجأة,مفاجأة,مفاجأة,مفاجأة,مفاجأة
tomorrow_I_will_be_page_40.png,سعادة,سعادة,سعادة,سعادة,سعادة,سعادة,سعادة
tomorrow_I_will_be_page_43.png,سعادة,سعادة,سعادة,سعادة,سعادة,سعادة,سعادة
tomorrow_I_will_be_page_44.png,سعادة,سعادة,ثقة,سعادة,سعادة,سعادة,سعادة
tomorrow_I_will_be_page_47.png,ثقة,ثقة,ترقب,سعادة,سعادة,سعادة,سعادة
tomorrow_I_will_be_page_7.png,سعادة,سعادة,سعادة,سعادة,سعادة,سعادة,سعادة
tomorrow_I_will_be_page_9.png,ترقب,مفاجأة,ثقة,ثقة,مفاجأة,مفاجأة,مفاجأة
who_defeated_the_evil_of_extravagance_page_10.png,خوف,خوف,سعادة,غضب,خوف,غضب,غضب
who_defeated_the_evil_of_extravagance_page_11.png,سعادة,سعادة,سعادة,سعادة,سعادة,غضب,سعادة
who_defeated_the_evil_of_extravagance_page_12.png,محايد,سعادة,ثقة,ثقة,محايد,قرف,قرف
who_defeated_the_evil_of_extravagance_page_14.png,حزن,محايد,سعادة,ترقب,مفاجأة,سعادة,مفاجأة
who_defeated_the_evil_of_extravagance_page_16.png,محايد,حزن,حزن,حزن,حزن,ثقة,ثقة
who_defeated_the_evil_of_extravagance_page_17.png,محايد,ترقب,حزن,ترقب,ترقب,ثقة,ترقب
who_defeated_the_evil_of_extravagance_page_18.png,محايد,ثقة,حزن,ثقة,ثقة,ثقة,ثقة
who_defeated_the_evil_of_extravagance_page_19.png,ثقة,سعادة,ثقة,سعادة,غضب,قرف,غضب
who_defeated_the_evil_of_extravagance_page_5.png,سعادة,ثقة,سعادة,ثقة,سعادة,سعادة,سعادة
who_defeated_the_evil_of_extravagance_page_6.png,سعادة,سعادة,سعادة,سعادة,سعادة,سعادة,سعادة
who_defeated_the_evil_of_extravagance_page_7.png,سعادة,سعادة,سعادة,سعادة,سعادة,غضب,سعادة
who_defeated_the_evil_of_extravagance_page_9.png,سعادة,سعادة,ثقة,سعادة,سعادة,قرف,سعادة
why_did_the_electricity_12.png,سعادة,سعادة,ثقة,سعادة,سعادة,سعادة,مفاجأة
why_did_the_electricity_14.png,سعادة,سعادة,ترقب,سعادة,سعادة,سعادة,سعادة
why_did_the_electricity_15.png,سعادة,سعادة,ثقة,سعادة,ترقب,سعادة,ترقب
why_did_the_electricity_17.png,سعادة,سعادة,ترقب,سعادة,مفاجأة,سعادة,ترقب
why_did_the_electricity_18.png,حزن,حزن,خوف,حزن,خوف,خوف,خوف
why_did_the_electricity_20.png,ثقة,ثقة,ترقب,سعادة,ترقب,سعادة,سعادة
why_did_the_electricity_24.png,سعادة,سعادة,سعادة,سعادة,سعادة,سعادة,سعادة
why_did_the_electricity_25.png,سعادة,سعادة,سعادة,سعادة,سعادة,سعادة,سعادة
why_did_the_electricity_6.png,خوف,مفاجأة,مفاجأة,مفاجأة,خوف,خوف,خوف
why_did_the_electricity_8.png,ثقة,ثقة,ثقة,ثقة,ثقة,سعادة,سعادة